{"cameraMode":{"drawMode":0,"name":"Shaded","section":"Shading Mode"},"sceneLighting":true,"audioPlay":false,"sceneViewState":{"showFog":true,"showMaterialUpdate":false,"showSkybox":true,"showFlares":true,"showImageEffects":true,"showParticleSystems":true},"in2DMode":false,"pivot":{"x":-52.115299224853519,"y":-7.233083724975586,"z":-41.93854522705078},"rotation":{"x":0.24660855531692506,"y":-0.6190160512924194,"z":0.21368825435638429,"w":0.7143809199333191},"size":17.332815170288087,"orthographic":false}