{"cameraMode":{"drawMode":0,"name":"Shaded","section":"Shading Mode"},"sceneLighting":true,"audioPlay":false,"sceneViewState":{"showFog":true,"showMaterialUpdate":false,"showSkybox":true,"showFlares":true,"showImageEffects":true,"showParticleSystems":true},"in2DMode":false,"pivot":{"x":25.311994552612306,"y":-0.8344669342041016,"z":-30.67682647705078},"rotation":{"x":-0.18515433371067048,"y":0.753252387046814,"z":-0.23871320486068726,"w":-0.584246039390564},"size":16.092124938964845,"orthographic":false}