{"cameraMode":{"drawMode":0,"name":"Shaded","section":"Shading Mode"},"sceneLighting":true,"audioPlay":false,"sceneViewState":{"showFog":true,"showMaterialUpdate":false,"showSkybox":true,"showFlares":true,"showImageEffects":true,"showParticleSystems":true},"in2DMode":false,"pivot":{"x":-40.11775588989258,"y":1.026885986328125,"z":4.4910569190979},"rotation":{"x":0.32019874453544619,"y":0.6405516862869263,"z":-0.6123566031455994,"w":0.3349418044090271},"size":37.84326934814453,"orthographic":false}