{"cameraMode":{"drawMode":0,"name":"Shaded","section":"Shading Mode"},"sceneLighting":false,"audioPlay":false,"sceneViewState":{"showFog":true,"showMaterialUpdate":false,"showSkybox":true,"showFlares":true,"showImageEffects":true,"showParticleSystems":true},"in2DMode":false,"pivot":{"x":-40.41986846923828,"y":-19.597858428955079,"z":-28.879003524780275},"rotation":{"x":0.35265153646469118,"y":0.6054790019989014,"z":-0.34058883786201479,"w":0.6269223093986511},"size":46.67953872680664,"orthographic":false}