{"cameraMode":{"drawMode":0,"name":"Shaded","section":"Shading Mode"},"sceneLighting":false,"audioPlay":false,"sceneViewState":{"showFog":true,"showMaterialUpdate":false,"showSkybox":false,"showFlares":true,"showImageEffects":true,"showParticleSystems":true},"in2DMode":false,"pivot":{"x":-0.0037478208541870119,"y":0.9006795883178711,"z":0.025508657097816469},"rotation":{"x":-0.04774487763643265,"y":0.9501372575759888,"z":-0.24799098074436189,"w":-0.18292637169361115},"size":2.048133373260498,"orthographic":false}