{"cameraMode":{"drawMode":0,"name":"Shaded","section":"Shading Mode"},"sceneLighting":false,"audioPlay":false,"sceneViewState":{"showFog":true,"showMaterialUpdate":false,"showSkybox":true,"showFlares":true,"showImageEffects":true,"showParticleSystems":true},"in2DMode":false,"pivot":{"x":-127.44244384765625,"y":-224.36715698242188,"z":562.9420776367188},"rotation":{"x":0.15071837604045869,"y":-0.2605990767478943,"z":0.041227009147405627,"w":0.9527201056480408},"size":1026.265869140625,"orthographic":false}