{"cameraMode":{"drawMode":0,"name":"Shaded","section":"Shading Mode"},"sceneLighting":false,"audioPlay":false,"sceneViewState":{"showFog":true,"showMaterialUpdate":false,"showSkybox":true,"showFlares":true,"showImageEffects":true,"showParticleSystems":true},"in2DMode":false,"pivot":{"x":-216.57081604003907,"y":-455.787841796875,"z":275.621337890625},"rotation":{"x":0.42771339416503909,"y":-0.3205222189426422,"z":0.1654043048620224,"w":0.8288376927375794},"size":586.3755493164063,"orthographic":false}