{"cameraMode":{"drawMode":0,"name":"Shaded","section":"Shading Mode"},"sceneLighting":false,"audioPlay":false,"sceneViewState":{"showFog":true,"showMaterialUpdate":false,"showSkybox":true,"showFlares":true,"showImageEffects":true,"showParticleSystems":true},"in2DMode":false,"pivot":{"x":-25.24541473388672,"y":-228.05490112304688,"z":544.2056274414063},"rotation":{"x":0.1989700049161911,"y":-0.029395803809165956,"z":0.005971744656562805,"w":0.979547917842865},"size":600.7539672851563,"orthographic":false}