{"cameraMode":{"drawMode":0,"name":"Shaded","section":"Shading Mode"},"sceneLighting":true,"audioPlay":false,"sceneViewState":{"showFog":true,"showMaterialUpdate":false,"showSkybox":true,"showFlares":true,"showImageEffects":true,"showParticleSystems":true},"in2DMode":false,"pivot":{"x":-29.96157455444336,"y":-21.70667839050293,"z":-0.06630706787109375},"rotation":{"x":0.32056379318237307,"y":0.31666576862335207,"z":-0.11465919017791748,"w":0.885333240032196},"size":70.8467025756836,"orthographic":false}