{"cameraMode":{"drawMode":0,"name":"Shaded","section":"Shading Mode"},"sceneLighting":true,"audioPlay":false,"sceneViewState":{"showFog":true,"showMaterialUpdate":false,"showSkybox":true,"showFlares":true,"showImageEffects":true,"showParticleSystems":true},"in2DMode":false,"pivot":{"x":31.954986572265626,"y":-0.26172637939453127,"z":-61.088504791259769},"rotation":{"x":0.4489113688468933,"y":-0.5364012122154236,"z":0.5834639072418213,"w":0.4127029478549957},"size":47.559959411621097,"orthographic":false}