{"cameraMode":{"drawMode":0,"name":"Shaded","section":"Shading Mode"},"sceneLighting":true,"audioPlay":false,"sceneViewState":{"showFog":true,"showMaterialUpdate":false,"showSkybox":true,"showFlares":true,"showImageEffects":true,"showParticleSystems":true},"in2DMode":false,"pivot":{"x":-5.065207481384277,"y":-24.93482208251953,"z":-38.26560974121094},"rotation":{"x":-0.07581829279661179,"y":-0.9237077236175537,"z":0.25059467554092409,"w":-0.27969983220100405},"size":75.8578872680664,"orthographic":false}