{"cameraMode":{"drawMode":0,"name":"Shaded","section":"Shading Mode"},"sceneLighting":false,"audioPlay":false,"sceneViewState":{"showFog":true,"showMaterialUpdate":false,"showSkybox":false,"showFlares":true,"showImageEffects":true,"showParticleSystems":true},"in2DMode":false,"pivot":{"x":-0.014233797788619995,"y":0.9034841656684876,"z":0.02248101681470871},"rotation":{"x":-0.07128042727708817,"y":0.03979368507862091,"z":-0.002836017170920968,"w":-0.996658205986023},"size":3.538562059402466,"orthographic":false}