{"cameraMode":{"drawMode":0,"name":"Shaded","section":"Shading Mode"},"sceneLighting":true,"audioPlay":false,"sceneViewState":{"showFog":true,"showMaterialUpdate":false,"showSkybox":true,"showFlares":true,"showImageEffects":true,"showParticleSystems":true},"in2DMode":false,"pivot":{"x":-2.421602249145508,"y":-2.734018087387085,"z":14.301971435546875},"rotation":{"x":-0.22414857149124146,"y":0.17345939576625825,"z":-0.04057929664850235,"w":-0.9581367373466492},"size":14.194459915161133,"orthographic":false}