{"cameraMode":{"drawMode":0,"name":"Shaded","section":"Shading Mode"},"sceneLighting":true,"audioPlay":false,"sceneViewState":{"showFog":true,"showMaterialUpdate":false,"showSkybox":false,"showFlares":true,"showImageEffects":true,"showParticleSystems":true},"in2DMode":false,"pivot":{"x":29.91292381286621,"y":8.340547561645508,"z":4.7791924476623539},"rotation":{"x":0.5248249769210815,"y":-0.3316488265991211,"z":0.23248624801635743,"w":0.7486776113510132},"size":101.49610900878906,"orthographic":false}