{"cameraMode":{"drawMode":0,"name":"Shaded","section":"Shading Mode"},"sceneLighting":true,"audioPlay":false,"sceneViewState":{"showFog":true,"showMaterialUpdate":false,"showSkybox":true,"showFlares":true,"showImageEffects":true,"showParticleSystems":true},"in2DMode":false,"pivot":{"x":31.46750259399414,"y":-29.958911895751954,"z":46.58792495727539},"rotation":{"x":0.1789417862892151,"y":0.35205885767936709,"z":-0.06878954917192459,"w":0.9161587357521057},"size":92.17906188964844,"orthographic":false}