{"cameraMode":{"drawMode":0,"name":"Shaded","section":"Shading Mode"},"sceneLighting":false,"audioPlay":false,"sceneViewState":{"showFog":true,"showMaterialUpdate":false,"showSkybox":false,"showFlares":true,"showImageEffects":true,"showParticleSystems":true},"in2DMode":false,"pivot":{"x":0.004240751266479492,"y":-0.01054808497428894,"z":0.0},"rotation":{"x":0.1378464549779892,"y":-0.3398282527923584,"z":0.050421904772520068,"w":0.9289687871932983},"size":9.67764949798584,"orthographic":false}