{"cameraMode":{"drawMode":0,"name":"Shaded","section":"Shading Mode"},"sceneLighting":true,"audioPlay":false,"sceneViewState":{"showFog":true,"showMaterialUpdate":false,"showSkybox":false,"showFlares":true,"showImageEffects":true,"showParticleSystems":true},"in2DMode":false,"pivot":{"x":3.733535051345825,"y":3.9929370880126955,"z":-27.615793228149415},"rotation":{"x":0.4619952142238617,"y":0.319087952375412,"z":-0.18265452980995179,"w":0.8070818781852722},"size":118.09962463378906,"orthographic":false}