{"cameraMode":{"drawMode":0,"name":"Shaded","section":"Shading Mode"},"sceneLighting":true,"audioPlay":false,"sceneViewState":{"showFog":true,"showMaterialUpdate":false,"showSkybox":true,"showFlares":true,"showImageEffects":true,"showParticleSystems":true},"in2DMode":false,"pivot":{"x":-57.49235153198242,"y":5.974581718444824,"z":-27.822389602661134},"rotation":{"x":0.4926755428314209,"y":-0.48877719044685366,"z":0.40414413809776308,"w":0.5958482623100281},"size":25.851171493530275,"orthographic":false}